{"closed_at": "2014-03-26T17:19:11Z", "created_at": "2014-03-21T16:55:09Z", "issue": "95", "closed_by": "ghost", "title": "Cut more Wolfbot PCBs"}
{"closed_at": "2014-02-04T01:34:25Z", "created_at": "2014-02-04T01:29:23Z", "issue": "93", "closed_by": "ghost", "title": "Wiki entry for Opti-track calibrations and trackables"}
{"closed_at": "2014-04-01T21:23:56Z", "created_at": "2014-01-31T00:06:45Z", "issue": "92", "closed_by": "ghost", "title": "Unique tracking identifyers via Optitrack"}
{"closed_at": "2014-04-01T21:24:13Z", "created_at": "2014-01-25T19:54:36Z", "issue": "91", "closed_by": "ghost", "title": "Normalize distance sensor ADC values"}
{"closed_at": "2014-02-28T00:45:42Z", "created_at": "2014-01-23T21:11:12Z", "issue": "89", "closed_by": "ghost", "title": "Document Windows drivers for BBB"}
{"closed_at": "2014-01-25T20:26:46Z", "created_at": "2014-01-21T09:46:22Z", "issue": "88", "closed_by": "ghost", "title": "Parts for experiment arena"}
{"closed_at": "2014-01-21T22:34:30Z", "created_at": "2014-01-21T01:20:48Z", "issue": "87", "closed_by": "ghost", "title": "FTDI USB to TTL serial cable"}
{"closed_at": "2014-01-21T22:33:35Z", "created_at": "2014-01-21T01:17:17Z", "issue": "86", "closed_by": "ghost", "title": "Replace flush cutters"}
{"closed_at": "2014-01-22T21:48:56Z", "created_at": "2014-01-18T05:13:52Z", "issue": "82", "closed_by": "ghost", "title": "WB-07 hardware debugging"}
{"closed_at": "2014-01-21T03:02:56Z", "created_at": "2014-01-18T04:20:36Z", "issue": "81", "closed_by": "ghost", "title": "WB-13 hardware debugging"}
{"closed_at": "2014-01-24T22:23:01Z", "created_at": "2014-01-17T22:06:22Z", "issue": "80", "closed_by": "ghost", "title": "WB-05 Debug"}
{"closed_at": "2014-01-21T00:00:55Z", "created_at": "2014-01-17T22:05:32Z", "issue": "79", "closed_by": "ghost", "title": "WB-14 Debug"}
{"closed_at": "2014-01-23T23:12:30Z", "created_at": "2014-01-17T22:05:02Z", "issue": "78", "closed_by": "ghost", "title": "WB-09 Debug"}
{"closed_at": "2014-01-24T22:33:12Z", "created_at": "2014-01-17T22:04:11Z", "issue": "77", "closed_by": "ghost", "title": "WB-11 debug"}
{"closed_at": "2014-01-18T05:16:03Z", "created_at": "2014-01-17T22:02:43Z", "issue": "76", "closed_by": "ghost", "title": "WBs 7, 13, 15 need full software installation"}
{"closed_at": "2014-01-21T03:19:51Z", "created_at": "2014-01-13T21:52:23Z", "issue": "75", "closed_by": "ghost", "title": "IR beacon mod for current set of WolfBots"}
{"closed_at": "2014-01-13T21:53:23Z", "created_at": "2013-11-23T05:51:10Z", "issue": "73", "closed_by": "ghost", "title": "Wolfbot #9 nearly completed"}
{"closed_at": "2013-11-23T05:53:53Z", "created_at": "2013-11-18T12:35:57Z", "issue": "70", "closed_by": "ghost", "title": "2-position male molex connectors shortage"}
{"closed_at": "2013-11-16T21:42:18Z", "created_at": "2013-11-16T02:04:22Z", "issue": "68", "closed_by": "ghost", "title": "Incorrect image on power board wiki page"}
{"closed_at": "2013-11-14T00:16:56Z", "created_at": "2013-11-14T00:16:34Z", "issue": "67", "closed_by": "ghost", "title": "Angle designation of 270 should be 240"}
{"closed_at": "2013-12-19T15:39:14Z", "created_at": "2013-10-25T20:11:59Z", "issue": "60", "closed_by": "ghost", "title": "Reinforce bottom acrylic"}
{"closed_at": "2014-01-22T21:51:41Z", "created_at": "2013-10-07T19:48:56Z", "issue": "56", "closed_by": "ghost", "title": "WB-07: ADCs fail to read sometimes"}
{"closed_at": "2013-10-17T09:49:08Z", "created_at": "2013-10-07T19:27:38Z", "issue": "55", "closed_by": "ghost", "title": "WB-08 powerboard has a flakey 5V pot"}
{"closed_at": "2013-10-21T21:33:53Z", "created_at": "2013-10-01T06:26:27Z", "issue": "53", "closed_by": "ghost", "title": "Via on motor board can cause short"}
{"closed_at": "2013-10-02T23:47:18Z", "created_at": "2013-09-27T05:00:16Z", "issue": "49", "closed_by": "ghost", "title": "DMS labels on Acrilics"}
{"closed_at": "2013-09-26T03:10:18Z", "created_at": "2013-09-25T05:41:13Z", "issue": "46", "closed_by": "ghost", "title": "WolfBot 6 needs a more reliable USB power connection"}
{"closed_at": "2013-09-27T18:26:22Z", "created_at": "2013-09-25T04:25:37Z", "issue": "45", "closed_by": "ghost", "title": "USB Power Splice"}
{"closed_at": "2014-01-13T21:59:12Z", "created_at": "2013-09-24T06:36:44Z", "issue": "44", "closed_by": "ghost", "title": "Small screw for LSM"}
{"closed_at": "2013-10-02T22:21:54Z", "created_at": "2013-09-24T04:33:09Z", "issue": "43", "closed_by": "ghost", "title": "Need smaller diameter 1/2\" F/F stand-offs for beacon"}
{"closed_at": "2013-09-27T03:57:32Z", "created_at": "2013-09-23T21:07:38Z", "issue": "42", "closed_by": "ghost", "title": "Fix label for 95.3k res on PRF board"}
